id,first_name
1,Alwyn
2,Gram
3,Theresita
4,Emilio
5,Stephen
6,Lazarus
7,Lynde
8,Patrice
9,Morgen
10,Trent
11,Augustina
12,Evita
13,Lurlene
14,Barnabe
15,Zandra
16,Katya
17,Ellette
18,Ondrea
19,Osborn
20,Daryl
21,Juliette
22,Locke
23,Jdavie
24,Farris
25,Laurena
26,Pauline
27,Caddric
28,Fanechka
29,Alister
30,Skipp
31,Korey
32,Annie
33,Debor
34,Wyatan
35,Trefor
36,Lonnard
37,Teddi
38,Kelley
39,Yasmin
40,Leola
41,Avril
42,Karel
43,Barbee
44,Tatiania
45,Celestine
46,Ardyth
47,Alica
48,Debbi
49,Cyrus
50,Willi
51,Zorine
52,Jolynn
53,Damara
54,Jesselyn
55,Ally
56,Dennie
57,Jamey
58,Shirlee
59,Emalee
60,Gnni
61,Heywood
62,Margaretta
63,Rubin
64,Jacklin
65,Haleigh
66,Renata
67,Arnuad
68,Helen
69,Anne-marie
70,Sam
71,Kitti
72,Keefer
73,Debee
74,Bryna
75,Tudor
76,Stormi
77,Guthry
78,Rourke
79,Jenny
80,Torey
81,Annetta
82,Chicky
83,Ruggiero
84,Jilleen
85,Lowrance
86,Keane
87,Raye
88,Kelwin
89,Gibb
90,Enrica
91,Heddie
92,Barron
93,Frasquito
94,Patrice
95,Sharon
96,Tera
97,Gabriello
98,Basilius
99,Natalya
100,Netty
101,Dorolisa
102,Andonis
103,Gelya
104,Brittani
105,Danielle
106,Patty
107,Erica
108,Garfield
109,Bennett
110,Sasha
111,Jae
112,Linn
113,Imogen
114,Ali
115,Blakelee
116,Oby
117,Amerigo
118,Demetri
119,Flo
120,York
121,Daniel
122,Hillard
123,Shandeigh
124,Iseabal
125,Fernandina
126,Roarke
127,Coralyn
128,Meris
129,Alyce
130,Gerrilee
131,Ilyse
132,Kylila
133,Zebulen
134,Merridie
135,Holli
136,Regina
137,Raimundo
138,Elsy
139,Merill
140,Christen
141,Zora
142,Audrey
143,Muffin
144,Merrile
145,Milt
146,Hamnet
147,Brannon
148,Cassondra
149,Martguerita
150,Juliet
151,Dorothee
152,Shelba
153,Leelah
154,Julee
155,Celina
156,Madelina
157,Joelynn
158,Earvin
159,Boy
160,Jarvis
161,Merry
162,Cullin
163,Carl
164,Mirelle
165,Wiatt
166,Percy
167,Madalyn
168,Rania
169,Ludovico
170,Cariotta
171,Lizzie
172,Mahalia
173,Rudiger
174,Katharine
175,Danit
176,Kaine
177,Ulick
178,Hort
179,Archibald
180,Homer
181,Guglielma
182,Diann
183,Mychal
184,Modesta
185,Heddi
186,Mil
187,Cullan
188,Berk
189,Oswald
190,Siffre
191,Dianna
192,Budd
193,Geri
194,Page
195,Tammie
196,Bay
197,Clari
198,Alana
199,Novelia
200,Elle
201,Artie
202,Hope
203,Trish
204,Delmar
205,Myrtia
206,Corabel
207,Levey
208,Corrina
209,Colleen
210,Dacy
211,Roderic
212,Xenia
213,Romola
214,Ermengarde
215,Robinia
216,Orsa
217,Andree
218,Theodor
219,Polly
220,Bevan
221,Kathy
222,Trumann
223,Jodie
224,Cybil
225,Etta
226,Idelle
227,Nolan
228,Laurent
229,Eldridge
230,Maximo
231,Sydney
232,Emmaline
233,Jamey
234,Marabel
235,Consuela
236,Fina
237,Gerald
238,Marice
239,Godfree
240,Hercules
241,Alwyn
242,Emelyne
243,Maddalena
244,Jacquelyn
245,Yance
246,Carce
247,Pier
248,Wandis
249,Timofei
250,Quintina
251,Locke
252,Loralie
253,Edie
254,Ofelia
255,Christye
256,Shurlocke
257,Micheal
258,Bridie
259,Padriac
260,Tandie
261,Frankie
262,Raymond
263,Quinta
264,Ivan
265,Tomasine
266,Maurise
267,Edie
268,Rebeka
269,Horatius
270,Ev
271,Obie
272,Bil
273,Zelig
274,Gerri
275,Langsdon
276,Galven
277,Arman
278,Dalia
279,Kelila
280,Nikos
281,Delmore
282,Genia
283,Sloane
284,Donny
285,Lillis
286,Brice
287,Bernard
288,Helen-elizabeth
289,Hulda
290,Pearce
291,Ezmeralda
292,Deonne
293,Magdalena
294,Janaye
295,Philippa
296,Lynnea
297,Denis
298,Sela
299,Reggie
300,Delilah
301,Miner
302,Malynda
303,Linus
304,Eamon
305,Norine
306,Nial
307,Deane
308,Sylvester
309,Jennette
310,Twila
311,Orelia
312,Wyatan
313,Monty
314,Anett
315,Brenden
316,Doti
317,Betty
318,Geraldine
319,Burg
320,Tait
321,Annalise
322,Mabel
323,Shauna
324,Harold
325,Gerrard
326,Abba
327,Diahann
328,Basilius
329,Forester
330,Hyacinth
331,Farand
332,Ambrose
333,Nana
334,Beverlie
335,Jolynn
336,Ase
337,Lance
338,Arte
339,Cinnamon
340,Rabbi
341,Andras
342,Edgar
343,Vanya
344,Alison
345,Granthem
346,Myer
347,Lucia
348,Vitoria
349,Marcelo
350,Arron
351,Keane
352,Romonda
353,Ladonna
354,Danita
355,Dionysus
356,Paulie
357,Cyrill
358,Ruddie
359,Hewe
360,Esther
361,Beverley
362,Zerk
363,Papageno
364,Virgil
365,Alphonse
366,Terrel
367,Sumner
368,Stefania
369,Ilyssa
370,Olivier
371,Kristopher
372,Mel
373,Bone
374,Marion
375,Phylis
376,Betsey
377,Abby
378,Forest
379,Verine
380,Maddie
381,Brod
382,Myles
383,Clemmy
384,Benoit
385,Cory
386,Fredericka
387,Marlyn
388,Brianne
389,Evangelia
390,Bert
391,Dora
392,Lily
393,Jard
394,Antonius
395,Tabbie
396,Lezley
397,Clint
398,Jacinta
399,Dre
400,Codi
401,Nedda
402,Say
403,Diarmid
404,Rudiger
405,Edna
406,Dael
407,Rosaleen
408,Ashlin
409,Hana
410,Helaine
411,Tove
412,Avivah
413,Lil
414,Jone
415,Olwen
416,Raffarty
417,Ritchie
418,Hildegaard
419,Early
420,Virgie
421,Corinna
422,Kaiser
423,Lind
424,Leoine
425,Arnie
426,Morly
427,Bamby
428,Ivie
429,Graeme
430,Maddie
431,Salli
432,Lazar
433,Ludvig
434,Allix
435,Salaidh
436,Miguela
437,Sarine
438,Nan
439,Trey
440,Patrizia
441,Klarika
442,Dyna
443,Rosalinde
444,Keefe
445,Candide
446,Court
447,Joanna
448,Caressa
449,Sanderson
450,Tynan
451,Harmon
452,Kristyn
453,Tarrance
454,Tremaine
455,Damon
456,Cointon
457,Neale
458,Emilio
459,Darrell
460,Alonso
461,Neille
462,Simone
463,Hilliary
464,Franchot
465,Andre
466,Danny
467,Benson
468,Morrie
469,Ryley
470,Bobinette
471,Alisa
472,Ammamaria
473,Derron
474,Emelina
475,Clarabelle
476,Florri
477,Bernette
478,Hewet
479,Callida
480,Ruthann
481,Floris
482,Penelope
483,Fairlie
484,Patti
485,Baillie
486,Lacee
487,Kalila
488,Nickolai
489,Petrina
490,Clarine
491,Levy
492,Jud
493,Kale
494,Hedvige
495,Burr
496,Sheela
497,Sasha
498,Goddart
499,Noreen
500,Janeta
501,Oswell
502,Olly
503,Leigha
504,Blake
505,Ashil
506,Gaby
507,Bernadette
508,Janelle
509,Gretna
510,Pate
511,Rudy
512,Doll
513,Aurelia
514,Huntlee
515,Kordula
516,Paddy
517,Angelia
518,Adams
519,Thaddeus
520,Cyndia
521,Alissa
522,Scotty
523,Sol
524,Debera
525,Blinnie
526,Kylila
527,Blair
528,Bertrando
529,Brien
530,Iorgos
531,Kipp
532,Danny
533,Raynell
534,Melisandra
535,Craggie
536,Cari
537,Yorker
538,Izaak
539,Waverley
540,Yancy
541,Ermanno
542,Lowrance
543,Jaye
544,Sadye
545,August
546,Shannon
547,Rockie
548,Carey
549,Korney
550,Jacky
551,Roxine
552,Elset
553,Georgeanna
554,Lacee
555,Danyelle
556,Karoly
557,Martainn
558,Leta
559,Glynda
560,Madison
561,Sarita
562,Alix
563,Chelsey
564,Jodee
565,Jasun
566,Tuck
567,Kimberley
568,Lisette
569,Olivia
570,Brooks
571,Sheena
572,Faun
573,Orella
574,Mindy
575,Rockwell
576,Fifi
577,Colan
578,Celia
579,Ramon
580,Lindsey
581,Agnola
582,Budd
583,Karylin
584,Emmett
585,Elisa
586,Mallory
587,Emory
588,Fran
589,Ardelle
590,Graig
591,Sanford
592,Theobald
593,Larine
594,Devonna
595,Devonne
596,Erskine
597,Rebe
598,Casie
599,Herbie
600,Wain
601,Leanna
602,Gene
603,Jeffry
604,Parke
605,Dari
606,Antin
607,Lonna
608,Kalle
609,Sawyere
610,Otha
611,Selia
612,Ketty
613,Rockwell
614,Saw
615,Krystalle
616,Geraldine
617,Millicent
618,Wylma
619,Deonne
620,Floris
621,Beckie
622,Dulsea
623,Melly
624,Lorita
625,Iolanthe
626,Zechariah
627,Marita
628,Nil
629,Hanni
630,Annice
631,Perceval
632,Reagan
633,Fania
634,Blinny
635,Ardeen
636,Lela
637,Emeline
638,Ramona
639,Rachael
640,Sergei
641,Martainn
642,Ky
643,Urbain
644,Jermaine
645,Noelle
646,Shirleen
647,Augy
648,Brenna
649,Dolph
650,Rae
651,Terese
652,Martin
653,Harris
654,Lilian
655,Phillida
656,Ursuline
657,Erie
658,Lane
659,Katrinka
660,Yard
661,Gael
662,Ben
663,Adina
664,Alastair
665,Fredi
666,Andres
667,Lawrence
668,Danella
669,Deloris
670,Edee
671,Lincoln
672,Von
673,Sampson
674,Sharline
675,Umeko
676,Lenna
677,Kaylil
678,Hillyer
679,Francene
680,Oliviero
681,Bev
682,Bernette
683,Kerry
684,Horacio
685,Stacee
686,Willow
687,Alain
688,Christopher
689,Claire
690,Annecorinne
691,Antonietta
692,Michele
693,Robena
694,Jaclin
695,Arnoldo
696,Idell
697,Edi
698,Amalie
699,Roderick
700,Conchita
701,Zora
702,Luise
703,Kassandra
704,Kiah
705,Karlens
706,Padraig
707,Arvie
708,Nicolais
709,Leandra
710,Taffy
711,Horton
712,Brynna
713,Penny
714,Des
715,Caroline
716,Barbe
717,Brooke
718,Jermayne
719,Sile
720,Nolan
721,David
722,Patsy
723,Tobit
724,Valery
725,Tabby
726,Arlene
727,Terrel
728,Deloris
729,Trevar
730,Marjie
731,Amalee
732,Asia
733,Shannon
734,Maggi
735,Lucine
736,Raimundo
737,Lenore
738,Paddy
739,Eadie
740,Shandie
741,Genevra
742,Levey
743,Odette
744,Tristan
745,Devonne
746,Danyette
747,Raphaela
748,Obed
749,Lorain
750,Rae
751,Pattie
752,Emiline
753,Barris
754,Burtie
755,Aurora
756,Claudio
757,Bonnee
758,Lowrance
759,Kevin
760,Carly
761,Lauretta
762,Iain
763,Abner
764,Isa
765,Brock
766,Owen
767,Evvy
768,Tomasina
769,Dacey
770,Akim
771,Tommy
772,Gregory
773,Ermina
774,Robb
775,Carl
776,Anjanette
777,Benedikta
778,Lotti
779,Trixy
780,Chelsy
781,Marissa
782,Godiva
783,Jackelyn
784,Meir
785,Carol
786,Emmey
787,Ginny
788,Irvine
789,Brenna
790,Doretta
791,Clay
792,Hayes
793,Tarra
794,Jamill
795,Lauren
796,Demetrius
797,Willy
798,Dolph
799,Nessy
800,Hildegarde
801,Durand
802,Anthea
803,Towny
804,Kathie
805,Vinny
806,Issiah
807,Charisse
808,Thelma
809,Cletis
810,Bobbie
811,Tallia
812,Ludovika
813,Simeon
814,Mickie
815,Margette
816,Pegeen
817,Kaleena
818,Ari
819,Jordan
820,Jackson
821,Karia
822,Gabby
823,Josefina
824,Goldia
825,Genovera
826,Roldan
827,Sloane
828,Tibold
829,Margette
830,Annora
831,Frasier
832,Toddy
833,Eduino
834,Bev
835,Steffie
836,Nevile
837,Aubree
838,Cymbre
839,Milena
840,Alair
841,Alvin
842,Susann
843,Isador
844,Harriette
845,Corinna
846,Guenna
847,Caren
848,Delila
849,Alli
850,Myrah
851,Quinta
852,Hildagarde
853,Ada
854,Leonelle
855,Willis
856,Rowen
857,Paxton
858,Brendis
859,Inger
860,Trude
861,Allayne
862,Tate
863,Maiga
864,Cassondra
865,Jeanette
866,Nickolas
867,Amanda
868,Lark
869,Judon
870,Alexander
871,Lyman
872,Tyler
873,Hinda
874,Beth
875,Marja
876,Katheryn
877,Becky
878,Estrella
879,Jaymie
880,Hilda
881,Kory
882,Alisa
883,Theobald
884,Jodie
885,Druci
886,Nat
887,Christoph
888,Barde
889,Giffy
890,Ring
891,Ardene
892,Winslow
893,Garik
894,Lefty
895,Jeniece
896,Nikki
897,Carry
898,Karel
899,Leeanne
900,Ilaire
901,Hetti
902,Amalle
903,Duncan
904,Corinna
905,Fedora
906,Ewan
907,Samara
908,Lynn
909,Aindrea
910,Ewell
911,Halsey
912,Ilsa
913,Vonni
914,Yance
915,Ronnie
916,Cybil
917,Ayn
918,North
919,Lacie
920,Eimile
921,Prince
922,Chevy
923,Bettine
924,Rosmunda
925,Catlin
926,Norbert
927,Beryle
928,Christophe
929,Thomasine
930,Randell
931,Shantee
932,Vinnie
933,Trista
934,Alecia
935,Jeralee
936,Corinne
937,Wallas
938,Kinna
939,Marlene
940,Kurtis
941,Moritz
942,Chastity
943,Theressa
944,Chance
945,Culley
946,Gottfried
947,Katina
948,Zane
949,Perice
950,Devy
951,Ashlin
952,Zorah
953,Ruperto
954,Conant
955,Shelton
956,Lonni
957,Patsy
958,Josiah
959,Milli
960,Gwennie
961,Floyd
962,Vinnie
963,Maryjo
964,Eugenia
965,Aimee
966,Christan
967,Tad
968,Laetitia
969,Robbert
970,Avigdor
971,Katheryn
972,Skipp
973,Rhodie
974,Stormie
975,Binni
976,Bess
977,Drucill
978,Rosamond
979,Cathee
980,Fred
981,Reinald
982,Van
983,Pepillo
984,Mic
985,Fay
986,Isador
987,Lorianne
988,Broderick
989,Hilly
990,Jamal
991,Ricki
992,Alfred
993,Chaim
994,Earvin
995,Winnifred
996,Anne
997,Rebekah
998,Bethena
999,Annis
1000,Skipp
